[{"pk": 1, "model": "core.skilllevel", "fields": {"name": "Bronze", "weight": 1}}, {"pk": 2, "model": "core.skilllevel", "fields": {"name": "Silver", "weight": 2}}, {"pk": 3, "model": "core.skilllevel", "fields": {"name": "Gold", "weight": 3}}, {"pk": 4, "model": "core.skilllevel", "fields": {"name": "Elite", "weight": 4}}, {"pk": 1, "model": "core.seasonstatus", "fields": {"name": "Preparation"}}, {"pk": 2, "model": "core.seasonstatus", "fields": {"name": "Scheduling Seeding Games"}}, {"pk": 3, "model": "core.seasonstatus", "fields": {"name": "Seeding Games"}}, {"pk": 4, "model": "core.seasonstatus", "fields": {"name": "Scheduling Season Games"}}, {"pk": 5, "model": "core.seasonstatus", "fields": {"name": "Season Games"}}, {"pk": 6, "model": "core.seasonstatus", "fields": {"name": "Completed"}}, {"pk": 1, "model": "core.parameter", "fields": {"name": "stats.entry.limit", "value": "72"}}, {"pk": 2, "model": "core.parameter", "fields": {"name": "email.prefix", "value": "NIHL:"}}, {"pk": 3, "model": "core.parameter", "fields": {"name": "email.notifications.enable", "value": "0"}}, {"pk": 4, "model": "core.parameter", "fields": {"name": "email.from", "value": "NIHL Application <noreply@nihl.info>"}}, {"pk": 5, "model": "core.parameter", "fields": {"name": "email.noreply", "value": "noreply@nihl.info"}}, {"pk": 1, "model": "core.eventtype", "fields": {"name": "Seeding Game"}}, {"pk": 2, "model": "core.eventtype", "fields": {"name": "Season Game"}}, {"pk": 3, "model": "core.eventtype", "fields": {"name": "Practice Game"}}, {"pk": 1, "model": "core.rink", "fields": {"city": "Chicago", "contactPhone": "", "name": "Test Rink 01", "zip": "60611", "contactEmail": "", "state": "IL", "contactName": "", "address": "300 N. Lake Shore Dr."}}, {"pk": 2, "model": "core.rink", "fields": {"city": "Niles", "contactPhone": "", "name": "Test Rink 02", "zip": "60055", "contactEmail": "", "state": "IL", "contactName": "", "address": "1414 S. Hockey Ave."}}, {"pk": 3, "model": "core.rink", "fields": {"city": "", "contactPhone": "", "name": "Test Rink 03", "zip": "", "contactEmail": "", "state": "", "contactName": "", "address": "12312 Some St."}}, {"pk": 1, "model": "core.eventstatus", "fields": {"name": "Available"}}, {"pk": 2, "model": "core.eventstatus", "fields": {"name": "Scheduled"}}, {"pk": 3, "model": "core.eventstatus", "fields": {"name": "Confirmed"}}, {"pk": 4, "model": "core.eventstatus", "fields": {"name": "Completed"}}, {"pk": 1, "model": "core.club", "fields": {"city": "", "name": "Test Club I", "zip": "", "contactEmail": "", "state": "", "contactName": "", "address": ""}}, {"pk": 2, "model": "core.club", "fields": {"city": "", "name": "Test Club II", "zip": "", "contactEmail": "", "state": "", "contactName": "", "address": ""}}, {"pk": 1, "model": "core.division", "fields": {"contactEmail": "", "name": "Test Division A", "contactName": ""}}, {"pk": 2, "model": "core.division", "fields": {"contactEmail": "", "name": "Test Division B", "contactName": ""}}, {"pk": 3, "model": "core.division", "fields": {"contactEmail": "", "name": "Test Division C", "contactName": ""}}, {"pk": 1, "model": "core.penaltyoffense", "fields": {"name": "Hooking"}}, {"pk": 2, "model": "core.penaltyoffense", "fields": {"name": "Cross-Checking"}}, {"pk": 3, "model": "core.penaltyoffense", "fields": {"name": "Holding"}}, {"pk": 4, "model": "core.penaltyoffense", "fields": {"name": "Slashing"}}, {"pk": 5, "model": "core.penaltyoffense", "fields": {"name": "Tripping"}}, {"pk": 1, "model": "core.season", "fields": {"seasonStatus": 1, "seasonSchedDeadline": "2009-11-01", "seedingStatDeadline": "2009-10-01", "seasonStatDeadline": "2010-01-01", "year": "2009", "seedingBeginDate": "2009-08-01", "seasonBeginDate": "2009-10-02", "seedingSchedDeadline": "2009-09-01", "seasonEnd": "2010-01-02", "isCurrentSeason": true}}, {"pk": 1, "model": "core.team", "fields": {"coachEmail": "", "division": 2, "name": "Test Team 1", "club": 1, "season": 1, "skillLevel": 2, "managerEmail": "someone@email.com", "coachName": "", "managerName": "Someone"}}, {"pk": 2, "model": "core.team", "fields": {"coachEmail": "", "division": 3, "name": "Test Team 2", "club": 2, "season": 1, "skillLevel": 3, "managerEmail": "someone.else@email.com", "coachName": "", "managerName": "Someone Else"}}, {"pk": 3, "model": "core.team", "fields": {"coachEmail": "", "division": 1, "name": "A Team", "club": 1, "season": 1, "skillLevel": 4, "managerEmail": "nihlapp@gmail.com", "coachName": "", "managerName": "John Smith"}}, {"pk": 4, "model": "core.team", "fields": {"coachEmail": "", "division": 3, "name": "B Team", "club": 2, "season": 1, "skillLevel": 2, "managerEmail": "nihlapp@gmail.com", "coachName": "", "managerName": "John Smith"}}, {"pk": 1, "model": "core.userprofile", "fields": {"club": 1, "email": "nihlapp@gmail.com", "user": 1, "phone": "312-312-3123", "team": 1}}, {"pk": 2, "model": "core.userprofile", "fields": {"club": 1, "email": "nihlapp@gmail.com", "user": 2, "phone": "312-312-3123", "team": 1}}, {"pk": 3, "model": "core.userprofile", "fields": {"club": 1, "email": "nihlapp@gmail.com", "user": 3, "phone": "312-312-3123", "team": 1}}, {"pk": 4, "model": "core.userprofile", "fields": {"club": 1, "email": "nihlapp@gmail.com", "user": 4, "phone": "312-312-3123", "team": 1}}, {"pk": 1, "model": "core.event", "fields": {"dateTimeCancelled": null, "dateTimeCreated": null, "dateTimeScheduled": null, "homeTeam": 1, "season": 1, "awayTeam": 2, "eventStatus": 4, "rink": 1, "eventType": 1, "dateTimeEvent": "2009-09-15 11:30:00", "dateTimeConfirmed": null}}, {"pk": 8, "model": "core.event", "fields": {"dateTimeCancelled": null, "dateTimeCreated": null, "dateTimeScheduled": null, "homeTeam": 1, "season": 1, "awayTeam": 3, "eventStatus": 3, "rink": 1, "eventType": 1, "dateTimeEvent": "2009-12-10 13:00:00", "dateTimeConfirmed": null}}, {"pk": 14, "model": "core.event", "fields": {"dateTimeCancelled": null, "dateTimeCreated": null, "dateTimeScheduled": null, "homeTeam": 1, "season": 1, "awayTeam": 3, "eventStatus": 4, "rink": 1, "eventType": 1, "dateTimeEvent": "2009-10-22 16:45:00", "dateTimeConfirmed": null}}, {"pk": 17, "model": "core.event", "fields": {"dateTimeCancelled": null, "dateTimeCreated": null, "dateTimeScheduled": null, "homeTeam": 1, "season": 1, "awayTeam": 3, "eventStatus": 3, "rink": 1, "eventType": 1, "dateTimeEvent": "2009-10-22 16:45:00", "dateTimeConfirmed": null}}, {"pk": 18, "model": "core.event", "fields": {"dateTimeCancelled": null, "dateTimeCreated": null, "dateTimeScheduled": null, "homeTeam": 1, "season": 1, "awayTeam": 3, "eventStatus": 3, "rink": 1, "eventType": 1, "dateTimeEvent": "2009-10-22 16:45:00", "dateTimeConfirmed": null}}, {"pk": 1, "model": "core.eventstats", "fields": {"referee1Level": "1", "referee2Level": "2", "referee3Name": "John C", "referee2Name": "John B", "referee3Level": "3", "winner": 2, "referee1IHOANum": "4", "loser": 1, "referee1Name": "John A", "majorPenaltiesAssessed": true, "referee3IHOANum": "6", "tie": false, "event": 1, "referee2IHOANum": "5"}}, {"pk": 2, "model": "core.eventstats", "fields": {"referee1Level": "1", "referee2Level": "", "referee3Name": "", "referee2Name": "", "referee3Level": "", "winner": 3, "referee1IHOANum": "2", "loser": 1, "referee1Name": "Someone", "majorPenaltiesAssessed": true, "referee3IHOANum": "", "tie": false, "event": 14, "referee2IHOANum": ""}}, {"pk": 2, "model": "core.eventgoal", "fields": {"team": 2, "period": 1, "againstTeam": 1, "player": 3, "time": "2001-01-01 01:04:35", "event": 1}}, {"pk": 3, "model": "core.eventgoal", "fields": {"team": 1, "period": 2, "againstTeam": 2, "player": 5, "time": "2001-01-01 01:04:05", "event": 1}}, {"pk": 4, "model": "core.eventgoal", "fields": {"team": 2, "period": 3, "againstTeam": 1, "player": 6, "time": "2001-01-01 01:03:02", "event": 1}}, {"pk": 5, "model": "core.eventgoal", "fields": {"team": 2, "period": 4, "againstTeam": 1, "player": 5, "time": "2001-01-01 01:02:03", "event": 1}}, {"pk": 6, "model": "core.eventgoal", "fields": {"team": 1, "period": 2, "againstTeam": 2, "player": 63, "time": "2001-01-01 01:02:03", "event": 1}}, {"pk": 7, "model": "core.eventgoal", "fields": {"team": 3, "period": 2, "againstTeam": 1, "player": 5, "time": "2001-01-01 01:02:03", "event": 14}}, {"pk": 8, "model": "core.eventgoal", "fields": {"team": 3, "period": 3, "againstTeam": 1, "player": 7, "time": "2001-01-01 01:04:04", "event": 14}}, {"pk": 10, "model": "core.eventgoal", "fields": {"team": 1, "period": 2, "againstTeam": 3, "player": 3, "time": "2001-01-01 01:03:03", "event": 8}}, {"pk": 4, "model": "core.eventpenalty", "fields": {"penaltyOffense": 3, "penaltyTime": "2001-01-01 01:03:02", "timeOn": "2001-01-01 01:02:03", "period": 4, "timeOff": "2001-01-01 01:02:03", "player": 2, "team": 1, "event": 1}}, {"pk": 7, "model": "core.eventpenalty", "fields": {"penaltyOffense": 2, "penaltyTime": "2001-01-01 01:34:04", "timeOn": "2001-01-01 01:03:04", "period": 3, "timeOff": "2001-01-01 01:04:03", "player": 3, "team": 2, "event": 1}}, {"pk": 8, "model": "core.eventpenalty", "fields": {"penaltyOffense": 2, "penaltyTime": "2001-01-01 01:34:34", "timeOn": "2001-01-01 01:34:34", "period": 1, "timeOff": "2001-01-01 01:34:34", "player": 32, "team": 1, "event": 1}}, {"pk": 5, "model": "core.eventsuspension", "fields": {"playerLastName": "Hayes", "player": 3, "event": 1, "team": 2}}, {"pk": 6, "model": "core.eventsuspension", "fields": {"playerLastName": "Vidutis", "player": 11, "event": 1, "team": 1}}, {"pk": 7, "model": "core.eventsuspension", "fields": {"playerLastName": "Semenov", "player": 8, "event": 1, "team": 1}}, {"pk": 2, "model": "core.eventgoalkeepersaves", "fields": {"firstPeriodSaves": 3, "againstTeam": 1, "player": 2, "team": 2, "overtimeSaves": 3, "secondPeriodSaves": 45, "event": 1, "thirdPeriodSaves": 2}}, {"pk": 3, "model": "core.eventgoalkeepersaves", "fields": {"firstPeriodSaves": 3, "againstTeam": 2, "player": 23, "team": 1, "overtimeSaves": 0, "secondPeriodSaves": 23, "event": 1, "thirdPeriodSaves": 22}}, {"pk": 4, "model": "core.eventgoalkeepersaves", "fields": {"firstPeriodSaves": 3, "againstTeam": 3, "player": 2, "team": 1, "overtimeSaves": 5, "secondPeriodSaves": 6, "event": 14, "thirdPeriodSaves": 7}}]
